id,scientific_name,common_name_th,common_name_en,category,care_level,origin_country,description_th,description_en,care_instructions,water_needs,light_needs,humidity_needs,temperature_min,temperature_max,growth_rate,max_height,max_width,is_poisonous,is_rare,is_trending
1,Monstera deliciosa,มอนสเตอร่า ดีลิซิโอโซ,Swiss Cheese Plant,indoor,moderate,Mexico,มอนสเตอร่า ดีลิซิโอโซ เป็นไม้เลื้อยวงศ์ Araceae ใบสวยโดดเด่น เหมาะปลูกในที่มีแสงรำไร ความชื้นค่อนข้างสูง วัสดุปลูกโปร่ง,"Swiss Cheese Plant is a climbing aroid with ornamental foliage, best grown in bright indirect light and relatively high humidity in a chunky mix.",รดน้ำปานกลาง ปล่อยให้หน้าดินแห้งเล็กน้อยก่อนรดครั้งถัดไป ใช้ดินโปร่ง (กาบมะพร้าวสับ+เพอร์ไลต์+ดินใบ) ให้ค้ำยัน/มอสสติ๊กเพื่อเร่งใบใหญ่ ความชื้น 60–80%,moderate,indirect,high,16.0,32.0,moderate,500.0,150.0,TRUE,FALSE,TRUE
2,Monstera deliciosa 'Thai Constellation',มอนสเตอร่า ไทย คอนสเตลเลชัน,Monstera Thai Constellation,indoor,moderate,Thailand,มอนสเตอร่า ไทย คอนสเตลเลชัน เป็นไม้เลื้อยวงศ์ Araceae ใบสวยโดดเด่น เหมาะปลูกในที่มีแสงรำไร ความชื้นค่อนข้างสูง วัสดุปลูกโปร่ง,"Monstera Thai Constellation is a climbing aroid with ornamental foliage, best grown in bright indirect light and relatively high humidity in a chunky mix.",รดน้ำปานกลาง ปล่อยให้หน้าดินแห้งเล็กน้อยก่อนรดครั้งถัดไป ใช้ดินโปร่ง (กาบมะพร้าวสับ+เพอร์ไลต์+ดินใบ) ให้ค้ำยัน/มอสสติ๊กเพื่อเร่งใบใหญ่ ความชื้น 60–80%,moderate,indirect,high,16.0,32.0,moderate,500.0,150.0,TRUE,TRUE,TRUE
3,Monstera deliciosa 'Albo-Variegata',มอนสเตอร่า อัลโบ ด่างขาว,Deliciosa Albo Variegata,indoor,moderate,Thailand,มอนสเตอร่า อัลโบ ด่างขาว เป็นไม้เลื้อยวงศ์ Araceae ใบสวยโดดเด่น เหมาะปลูกในที่มีแสงรำไร ความชื้นค่อนข้างสูง วัสดุปลูกโปร่ง,"Deliciosa Albo Variegata is a climbing aroid with ornamental foliage, best grown in bright indirect light and relatively high humidity in a chunky mix.",รดน้ำปานกลาง ปล่อยให้หน้าดินแห้งเล็กน้อยก่อนรดครั้งถัดไป ใช้ดินโปร่ง (กาบมะพร้าวสับ+เพอร์ไลต์+ดินใบ) ให้ค้ำยัน/มอสสติ๊กเพื่อเร่งใบใหญ่ ความชื้น 60–80%,moderate,indirect,high,16.0,32.0,moderate,500.0,150.0,TRUE,TRUE,TRUE
4,Monstera deliciosa 'Aurea Variegata',มอนสเตอร่า ออเรอา ด่างเหลือง,Deliciosa Aurea Variegata,indoor,moderate,Thailand,มอนสเตอร่า ออเรอา ด่างเหลือง เป็นไม้เลื้อยวงศ์ Araceae ใบสวยโดดเด่น เหมาะปลูกในที่มีแสงรำไร ความชื้นค่อนข้างสูง วัสดุปลูกโปร่ง,"Deliciosa Aurea Variegata is a climbing aroid with ornamental foliage, best grown in bright indirect light and relatively high humidity in a chunky mix.",รดน้ำปานกลาง ปล่อยให้หน้าดินแห้งเล็กน้อยก่อนรดครั้งถัดไป ใช้ดินโปร่ง (กาบมะพร้าวสับ+เพอร์ไลต์+ดินใบ) ให้ค้ำยัน/มอสสติ๊กเพื่อเร่งใบใหญ่ ความชื้น 60–80%,moderate,indirect,high,16.0,32.0,moderate,500.0,150.0,TRUE,TRUE,TRUE
5,Monstera adansonii,มอนสเตอร่า หน้ากากลิง,Adansonii (Monkey Mask),indoor,moderate,Peru,มอนสเตอร่า หน้ากากลิง เป็นไม้เลื้อยวงศ์ Araceae ใบสวยโดดเด่น เหมาะปลูกในที่มีแสงรำไร ความชื้นค่อนข้างสูง วัสดุปลูกโปร่ง,"Adansonii (Monkey Mask) is a climbing aroid with ornamental foliage, best grown in bright indirect light and relatively high humidity in a chunky mix.",รดน้ำปานกลาง ปล่อยให้หน้าดินแห้งเล็กน้อยก่อนรดครั้งถัดไป ใช้ดินโปร่ง (กาบมะพร้าวสับ+เพอร์ไลต์+ดินใบ) ให้ค้ำยัน/มอสสติ๊กเพื่อเร่งใบใหญ่ ความชื้น 60–80%,moderate,indirect,high,16.0,32.0,moderate,250.0,150.0,TRUE,FALSE,TRUE
6,Monstera adansonii 'Variegata',มอนสเตอร่า หน้ากากลิง ลายด่าง,Adansonii Variegata,indoor,moderate,Thailand,มอนสเตอร่า หน้ากากลิง ลายด่าง เป็นไม้เลื้อยวงศ์ Araceae ใบสวยโดดเด่น เหมาะปลูกในที่มีแสงรำไร ความชื้นค่อนข้างสูง วัสดุปลูกโปร่ง,"Adansonii Variegata is a climbing aroid with ornamental foliage, best grown in bright indirect light and relatively high humidity in a chunky mix.",รดน้ำปานกลาง ปล่อยให้หน้าดินแห้งเล็กน้อยก่อนรดครั้งถัดไป ใช้ดินโปร่ง (กาบมะพร้าวสับ+เพอร์ไลต์+ดินใบ) ให้ค้ำยัน/มอสสติ๊กเพื่อเร่งใบใหญ่ ความชื้น 60–80%,moderate,indirect,high,16.0,32.0,moderate,250.0,150.0,TRUE,TRUE,TRUE
7,Monstera adansonii 'Mint',มอนสเตอร่า อดานโซนี มิ้นต์,Adansonii Mint Variegata,indoor,moderate,Thailand,มอนสเตอร่า อดานโซนี มิ้นต์ เป็นไม้เลื้อยวงศ์ Araceae ใบสวยโดดเด่น เหมาะปลูกในที่มีแสงรำไร ความชื้นค่อนข้างสูง วัสดุปลูกโปร่ง,"Adansonii Mint Variegata is a climbing aroid with ornamental foliage, best grown in bright indirect light and relatively high humidity in a chunky mix.",รดน้ำปานกลาง ปล่อยให้หน้าดินแห้งเล็กน้อยก่อนรดครั้งถัดไป ใช้ดินโปร่ง (กาบมะพร้าวสับ+เพอร์ไลต์+ดินใบ) ให้ค้ำยัน/มอสสติ๊กเพื่อเร่งใบใหญ่ ความชื้น 60–80%,moderate,indirect,high,16.0,32.0,moderate,250.0,150.0,TRUE,TRUE,TRUE
8,Monstera obliqua (Peru),มอนสเตอร่า โอบลีกวา เปรู,Obliqua Peru,indoor,moderate,Peru,มอนสเตอร่า โอบลีกวา เปรู เป็นไม้เลื้อยวงศ์ Araceae ใบสวยโดดเด่น เหมาะปลูกในที่มีแสงรำไร ความชื้นค่อนข้างสูง วัสดุปลูกโปร่ง,"Obliqua Peru is a climbing aroid with ornamental foliage, best grown in bright indirect light and relatively high humidity in a chunky mix.",รดน้ำปานกลาง ปล่อยให้หน้าดินแห้งเล็กน้อยก่อนรดครั้งถัดไป ใช้ดินโปร่ง (กาบมะพร้าวสับ+เพอร์ไลต์+ดินใบ) ให้ค้ำยัน/มอสสติ๊กเพื่อเร่งใบใหญ่ ความชื้น 60–80%,moderate,indirect,very_high,16.0,32.0,slow,200.0,150.0,TRUE,TRUE,TRUE
9,Monstera siltepecana,มอนสเตอร่า ซิลเทเปคานา,Silver Monstera,indoor,moderate,Mexico,มอนสเตอร่า ซิลเทเปคานา เป็นไม้เลื้อยวงศ์ Araceae ใบสวยโดดเด่น เหมาะปลูกในที่มีแสงรำไร ความชื้นค่อนข้างสูง วัสดุปลูกโปร่ง,"Silver Monstera is a climbing aroid with ornamental foliage, best grown in bright indirect light and relatively high humidity in a chunky mix.",รดน้ำปานกลาง ปล่อยให้หน้าดินแห้งเล็กน้อยก่อนรดครั้งถัดไป ใช้ดินโปร่ง (กาบมะพร้าวสับ+เพอร์ไลต์+ดินใบ) ให้ค้ำยัน/มอสสติ๊กเพื่อเร่งใบใหญ่ ความชื้น 60–80%,moderate,indirect,high,16.0,32.0,moderate,250.0,150.0,TRUE,FALSE,TRUE
10,Monstera standleyana,มอนสเตอร่า สแตนด์เลยานา,Standleyana,indoor,moderate,Panama,มอนสเตอร่า สแตนด์เลยานา เป็นไม้เลื้อยวงศ์ Araceae ใบสวยโดดเด่น เหมาะปลูกในที่มีแสงรำไร ความชื้นค่อนข้างสูง วัสดุปลูกโปร่ง,"Standleyana is a climbing aroid with ornamental foliage, best grown in bright indirect light and relatively high humidity in a chunky mix.",รดน้ำปานกลาง ปล่อยให้หน้าดินแห้งเล็กน้อยก่อนรดครั้งถัดไป ใช้ดินโปร่ง (กาบมะพร้าวสับ+เพอร์ไลต์+ดินใบ) ให้ค้ำยัน/มอสสติ๊กเพื่อเร่งใบใหญ่ ความชื้น 60–80%,moderate,indirect,high,16.0,32.0,moderate,250.0,150.0,TRUE,FALSE,TRUE
11,Monstera dubia,มอนสเตอร่า ดูเบีย,Dubia,indoor,moderate,Costa Rica,มอนสเตอร่า ดูเบีย เป็นไม้เลื้อยวงศ์ Araceae ใบสวยโดดเด่น เหมาะปลูกในที่มีแสงรำไร ความชื้นค่อนข้างสูง วัสดุปลูกโปร่ง,"Dubia is a climbing aroid with ornamental foliage, best grown in bright indirect light and relatively high humidity in a chunky mix.",รดน้ำปานกลาง ปล่อยให้หน้าดินแห้งเล็กน้อยก่อนรดครั้งถัดไป ใช้ดินโปร่ง (กาบมะพร้าวสับ+เพอร์ไลต์+ดินใบ) ให้ค้ำยัน/มอสสติ๊กเพื่อเร่งใบใหญ่ ความชื้น 60–80%,moderate,indirect,high,16.0,32.0,moderate,250.0,150.0,TRUE,FALSE,TRUE
12,Monstera pinnatipartita,มอนสเตอร่า พินนาติพาร์ทิตา,Pinnatipartita,indoor,moderate,Ecuador,มอนสเตอร่า พินนาติพาร์ทิตา เป็นไม้เลื้อยวงศ์ Araceae ใบสวยโดดเด่น เหมาะปลูกในที่มีแสงรำไร ความชื้นค่อนข้างสูง วัสดุปลูกโปร่ง,"Pinnatipartita is a climbing aroid with ornamental foliage, best grown in bright indirect light and relatively high humidity in a chunky mix.",รดน้ำปานกลาง ปล่อยให้หน้าดินแห้งเล็กน้อยก่อนรดครั้งถัดไป ใช้ดินโปร่ง (กาบมะพร้าวสับ+เพอร์ไลต์+ดินใบ) ให้ค้ำยัน/มอสสติ๊กเพื่อเร่งใบใหญ่ ความชื้น 60–80%,moderate,indirect,high,16.0,32.0,moderate,250.0,150.0,TRUE,FALSE,TRUE
13,Monstera karstenianum,มอนสเตอร่า เปรู (คาร์สเตเนียนุม),Monstera Peru (Karstenianum),indoor,moderate,Peru,มอนสเตอร่า เปรู (คาร์สเตเนียนุม) เป็นไม้เลื้อยวงศ์ Araceae ใบสวยโดดเด่น เหมาะปลูกในที่มีแสงรำไร ความชื้นค่อนข้างสูง วัสดุปลูกโปร่ง,"Monstera Peru (Karstenianum) is a climbing aroid with ornamental foliage, best grown in bright indirect light and relatively high humidity in a chunky mix.",รดน้ำปานกลาง ปล่อยให้หน้าดินแห้งเล็กน้อยก่อนรดครั้งถัดไป ใช้ดินโปร่ง (กาบมะพร้าวสับ+เพอร์ไลต์+ดินใบ) ให้ค้ำยัน/มอสสติ๊กเพื่อเร่งใบใหญ่ ความชื้น 60–80%,moderate,indirect,high,16.0,32.0,moderate,250.0,150.0,TRUE,FALSE,TRUE
14,Monstera lechleriana,มอนสเตอร่า เลชเลอริอานา,Lechleriana,indoor,moderate,Peru,มอนสเตอร่า เลชเลอริอานา เป็นไม้เลื้อยวงศ์ Araceae ใบสวยโดดเด่น เหมาะปลูกในที่มีแสงรำไร ความชื้นค่อนข้างสูง วัสดุปลูกโปร่ง,"Lechleriana is a climbing aroid with ornamental foliage, best grown in bright indirect light and relatively high humidity in a chunky mix.",รดน้ำปานกลาง ปล่อยให้หน้าดินแห้งเล็กน้อยก่อนรดครั้งถัดไป ใช้ดินโปร่ง (กาบมะพร้าวสับ+เพอร์ไลต์+ดินใบ) ให้ค้ำยัน/มอสสติ๊กเพื่อเร่งใบใหญ่ ความชื้น 60–80%,moderate,indirect,high,16.0,32.0,moderate,250.0,150.0,TRUE,FALSE,TRUE
15,Monstera subpinnata,มอนสเตอร่า ซับพินนาตา,Subpinnata,indoor,moderate,Bolivia,มอนสเตอร่า ซับพินนาตา เป็นไม้เลื้อยวงศ์ Araceae ใบสวยโดดเด่น เหมาะปลูกในที่มีแสงรำไร ความชื้นค่อนข้างสูง วัสดุปลูกโปร่ง,"Subpinnata is a climbing aroid with ornamental foliage, best grown in bright indirect light and relatively high humidity in a chunky mix.",รดน้ำปานกลาง ปล่อยให้หน้าดินแห้งเล็กน้อยก่อนรดครั้งถัดไป ใช้ดินโปร่ง (กาบมะพร้าวสับ+เพอร์ไลต์+ดินใบ) ให้ค้ำยัน/มอสสติ๊กเพื่อเร่งใบใหญ่ ความชื้น 60–80%,moderate,indirect,high,16.0,32.0,moderate,250.0,150.0,TRUE,FALSE,TRUE
16,Monstera acuminata,มอนสเตอร่า อะคูมินาตา,Acuminata,indoor,moderate,Mexico,มอนสเตอร่า อะคูมินาตา เป็นไม้เลื้อยวงศ์ Araceae ใบสวยโดดเด่น เหมาะปลูกในที่มีแสงรำไร ความชื้นค่อนข้างสูง วัสดุปลูกโปร่ง,"Acuminata is a climbing aroid with ornamental foliage, best grown in bright indirect light and relatively high humidity in a chunky mix.",รดน้ำปานกลาง ปล่อยให้หน้าดินแห้งเล็กน้อยก่อนรดครั้งถัดไป ใช้ดินโปร่ง (กาบมะพร้าวสับ+เพอร์ไลต์+ดินใบ) ให้ค้ำยัน/มอสสติ๊กเพื่อเร่งใบใหญ่ ความชื้น 60–80%,moderate,indirect,high,16.0,32.0,moderate,250.0,150.0,TRUE,FALSE,TRUE
17,Philodendron erubescens 'Pink Princess',ฟิโลเดนดรอน พิงค์ พรินเซส,Pink Princess,indoor,moderate,Colombia,ฟิโลเดนดรอน พิงค์ พรินเซส เป็นไม้เลื้อย/ทอดพุ่มในวงศ์ Araceae ปรับตัวในบ้านได้ดี ต้องการแสงรำไรและวัสดุปลูกโปร่งระบายน้ำดี,"Pink Princess is an aroid suited to indoor culture; thrives in bright indirect light and a chunky, well-draining medium.",ใช้ดินโปร่ง (กาบมะพร้าวสับ+เพอร์ไลต์+สแฟกนัม) ความชื้นปานกลางถึงสูง รดน้ำปานกลาง ให้ค้ำยันหรือมอสสติ๊กเพื่อกระตุ้นใบใหญ่,moderate,indirect,high,18.0,32.0,moderate,250.0,120.0,TRUE,TRUE,TRUE
18,Philodendron 'White Knight',ฟิโลเดนดรอน ไวท์ ไนท์,White Knight,indoor,moderate,Indonesia,ฟิโลเดนดรอน ไวท์ ไนท์ เป็นไม้เลื้อย/ทอดพุ่มในวงศ์ Araceae ปรับตัวในบ้านได้ดี ต้องการแสงรำไรและวัสดุปลูกโปร่งระบายน้ำดี,"White Knight is an aroid suited to indoor culture; thrives in bright indirect light and a chunky, well-draining medium.",ใช้ดินโปร่ง (กาบมะพร้าวสับ+เพอร์ไลต์+สแฟกนัม) ความชื้นปานกลางถึงสูง รดน้ำปานกลาง ให้ค้ำยันหรือมอสสติ๊กเพื่อกระตุ้นใบใหญ่,moderate,indirect,high,18.0,32.0,moderate,250.0,120.0,TRUE,TRUE,TRUE
19,Philodendron 'White Wizard',ฟิโลเดนดรอน ไวท์ วิซาร์ด,White Wizard,indoor,moderate,Indonesia,ฟิโลเดนดรอน ไวท์ วิซาร์ด เป็นไม้เลื้อย/ทอดพุ่มในวงศ์ Araceae ปรับตัวในบ้านได้ดี ต้องการแสงรำไรและวัสดุปลูกโปร่งระบายน้ำดี,"White Wizard is an aroid suited to indoor culture; thrives in bright indirect light and a chunky, well-draining medium.",ใช้ดินโปร่ง (กาบมะพร้าวสับ+เพอร์ไลต์+สแฟกนัม) ความชื้นปานกลางถึงสูง รดน้ำปานกลาง ให้ค้ำยันหรือมอสสติ๊กเพื่อกระตุ้นใบใหญ่,moderate,indirect,high,18.0,32.0,moderate,250.0,120.0,TRUE,TRUE,TRUE
20,Philodendron hederaceum,ฟิโลเดนดรอน หัวใจ,Heartleaf Philodendron,indoor,moderate,Mexico,ฟิโลเดนดรอน หัวใจ เป็นไม้เลื้อย/ทอดพุ่มในวงศ์ Araceae ปรับตัวในบ้านได้ดี ต้องการแสงรำไรและวัสดุปลูกโปร่งระบายน้ำดี,"Heartleaf Philodendron is an aroid suited to indoor culture; thrives in bright indirect light and a chunky, well-draining medium.",ใช้ดินโปร่ง (กาบมะพร้าวสับ+เพอร์ไลต์+สแฟกนัม) ความชื้นปานกลางถึงสูง รดน้ำปานกลาง ให้ค้ำยันหรือมอสสติ๊กเพื่อกระตุ้นใบใหญ่,moderate,indirect,high,18.0,32.0,fast,300.0,120.0,TRUE,FALSE,TRUE
21,Philodendron hederaceum 'Brasil',ฟิโลเดนดรอน บราซิล,Philodendron Brasil,indoor,moderate,Guatemala,ฟิโลเดนดรอน บราซิล เป็นไม้เลื้อย/ทอดพุ่มในวงศ์ Araceae ปรับตัวในบ้านได้ดี ต้องการแสงรำไรและวัสดุปลูกโปร่งระบายน้ำดี,"Philodendron Brasil is an aroid suited to indoor culture; thrives in bright indirect light and a chunky, well-draining medium.",ใช้ดินโปร่ง (กาบมะพร้าวสับ+เพอร์ไลต์+สแฟกนัม) ความชื้นปานกลางถึงสูง รดน้ำปานกลาง ให้ค้ำยันหรือมอสสติ๊กเพื่อกระตุ้นใบใหญ่,moderate,indirect,high,18.0,32.0,fast,300.0,120.0,TRUE,FALSE,TRUE
22,Philodendron hederaceum 'Micans',ฟิโลเดนดรอน ไมแคนส์,Micans,indoor,moderate,Mexico,ฟิโลเดนดรอน ไมแคนส์ เป็นไม้เลื้อย/ทอดพุ่มในวงศ์ Araceae ปรับตัวในบ้านได้ดี ต้องการแสงรำไรและวัสดุปลูกโปร่งระบายน้ำดี,"Micans is an aroid suited to indoor culture; thrives in bright indirect light and a chunky, well-draining medium.",ใช้ดินโปร่ง (กาบมะพร้าวสับ+เพอร์ไลต์+สแฟกนัม) ความชื้นปานกลางถึงสูง รดน้ำปานกลาง ให้ค้ำยันหรือมอสสติ๊กเพื่อกระตุ้นใบใหญ่,moderate,indirect,high,18.0,32.0,fast,300.0,120.0,TRUE,FALSE,TRUE
23,Philodendron gloriosum,ฟิโลเดนดรอน กลอริโอซุม,Gloriosum,indoor,moderate,Colombia,ฟิโลเดนดรอน กลอริโอซุม เป็นไม้เลื้อย/ทอดพุ่มในวงศ์ Araceae ปรับตัวในบ้านได้ดี ต้องการแสงรำไรและวัสดุปลูกโปร่งระบายน้ำดี,"Gloriosum is an aroid suited to indoor culture; thrives in bright indirect light and a chunky, well-draining medium.",ใช้ดินโปร่ง (กาบมะพร้าวสับ+เพอร์ไลต์+สแฟกนัม) ความชื้นปานกลางถึงสูง รดน้ำปานกลาง ให้ค้ำยันหรือมอสสติ๊กเพื่อกระตุ้นใบใหญ่,moderate,indirect,high,18.0,32.0,moderate,250.0,120.0,TRUE,TRUE,TRUE
24,Philodendron verrucosum,ฟิโลเดนดรอน เวอร์รูโคซุม,Verrucosum,indoor,moderate,Ecuador,ฟิโลเดนดรอน เวอร์รูโคซุม เป็นไม้เลื้อย/ทอดพุ่มในวงศ์ Araceae ปรับตัวในบ้านได้ดี ต้องการแสงรำไรและวัสดุปลูกโปร่งระบายน้ำดี,"Verrucosum is an aroid suited to indoor culture; thrives in bright indirect light and a chunky, well-draining medium.",ใช้ดินโปร่ง (กาบมะพร้าวสับ+เพอร์ไลต์+สแฟกนัม) ความชื้นปานกลางถึงสูง รดน้ำปานกลาง ให้ค้ำยันหรือมอสสติ๊กเพื่อกระตุ้นใบใหญ่,moderate,indirect,high,18.0,32.0,moderate,250.0,120.0,TRUE,TRUE,TRUE
25,Philodendron melanochrysum,ฟิโลเดนดรอน เมลลาโนครีซัม,Melanochrysum,indoor,moderate,Colombia,ฟิโลเดนดรอน เมลลาโนครีซัม เป็นไม้เลื้อย/ทอดพุ่มในวงศ์ Araceae ปรับตัวในบ้านได้ดี ต้องการแสงรำไรและวัสดุปลูกโปร่งระบายน้ำดี,"Melanochrysum is an aroid suited to indoor culture; thrives in bright indirect light and a chunky, well-draining medium.",ใช้ดินโปร่ง (กาบมะพร้าวสับ+เพอร์ไลต์+สแฟกนัม) ความชื้นปานกลางถึงสูง รดน้ำปานกลาง ให้ค้ำยันหรือมอสสติ๊กเพื่อกระตุ้นใบใหญ่,moderate,indirect,high,18.0,32.0,moderate,250.0,120.0,TRUE,TRUE,TRUE
26,Philodendron 'Birkin',ฟิโลเดนดรอน เบอร์กิน,Birkin,indoor,moderate,Netherlands,ฟิโลเดนดรอน เบอร์กิน เป็นไม้เลื้อย/ทอดพุ่มในวงศ์ Araceae ปรับตัวในบ้านได้ดี ต้องการแสงรำไรและวัสดุปลูกโปร่งระบายน้ำดี,"Birkin is an aroid suited to indoor culture; thrives in bright indirect light and a chunky, well-draining medium.",ใช้ดินโปร่ง (กาบมะพร้าวสับ+เพอร์ไลต์+สแฟกนัม) ความชื้นปานกลางถึงสูง รดน้ำปานกลาง ให้ค้ำยันหรือมอสสติ๊กเพื่อกระตุ้นใบใหญ่,moderate,indirect,high,18.0,32.0,moderate,250.0,120.0,TRUE,FALSE,TRUE
27,Thaumatophyllum bipinnatifidum,ฟิโลเดนดรอน เซลลูม,Philodendron Selloum,indoor,moderate,Brazil,ฟิโลเดนดรอน เซลลูม เป็นไม้เลื้อย/ทอดพุ่มในวงศ์ Araceae ปรับตัวในบ้านได้ดี ต้องการแสงรำไรและวัสดุปลูกโปร่งระบายน้ำดี,"Philodendron Selloum is an aroid suited to indoor culture; thrives in bright indirect light and a chunky, well-draining medium.",ใช้ดินโปร่ง (กาบมะพร้าวสับ+เพอร์ไลต์+สแฟกนัม) ความชื้นปานกลางถึงสูง รดน้ำปานกลาง ให้ค้ำยันหรือมอสสติ๊กเพื่อกระตุ้นใบใหญ่,moderate,indirect,high,18.0,32.0,moderate,250.0,120.0,TRUE,FALSE,TRUE
28,Thaumatophyllum xanadu,ฟิโลเดนดรอน ซานาดู,Philodendron Xanadu,indoor,moderate,Brazil,ฟิโลเดนดรอน ซานาดู เป็นไม้เลื้อย/ทอดพุ่มในวงศ์ Araceae ปรับตัวในบ้านได้ดี ต้องการแสงรำไรและวัสดุปลูกโปร่งระบายน้ำดี,"Philodendron Xanadu is an aroid suited to indoor culture; thrives in bright indirect light and a chunky, well-draining medium.",ใช้ดินโปร่ง (กาบมะพร้าวสับ+เพอร์ไลต์+สแฟกนัม) ความชื้นปานกลางถึงสูง รดน้ำปานกลาง ให้ค้ำยันหรือมอสสติ๊กเพื่อกระตุ้นใบใหญ่,moderate,indirect,high,18.0,32.0,moderate,250.0,120.0,TRUE,FALSE,TRUE
29,Philodendron atabapoense,ฟิโลเดนดรอน อะตาบาโปเอนเซ,Atabapoense,indoor,moderate,Venezuela,ฟิโลเดนดรอน อะตาบาโปเอนเซ เป็นไม้เลื้อย/ทอดพุ่มในวงศ์ Araceae ปรับตัวในบ้านได้ดี ต้องการแสงรำไรและวัสดุปลูกโปร่งระบายน้ำดี,"Atabapoense is an aroid suited to indoor culture; thrives in bright indirect light and a chunky, well-draining medium.",ใช้ดินโปร่ง (กาบมะพร้าวสับ+เพอร์ไลต์+สแฟกนัม) ความชื้นปานกลางถึงสูง รดน้ำปานกลาง ให้ค้ำยันหรือมอสสติ๊กเพื่อกระตุ้นใบใหญ่,moderate,indirect,high,18.0,32.0,moderate,250.0,120.0,TRUE,TRUE,TRUE
30,Philodendron spiritus-sancti,ฟิโลเดนดรอน สปีริตัส ซังค์ติ,Spiritus Sancti,indoor,difficult,Brazil,ฟิโลเดนดรอน สปีริตัส ซังค์ติ เป็นไม้เลื้อย/ทอดพุ่มในวงศ์ Araceae ปรับตัวในบ้านได้ดี ต้องการแสงรำไรและวัสดุปลูกโปร่งระบายน้ำดี,"Spiritus Sancti is an aroid suited to indoor culture; thrives in bright indirect light and a chunky, well-draining medium.",ใช้ดินโปร่ง (กาบมะพร้าวสับ+เพอร์ไลต์+สแฟกนัม) ความชื้นปานกลางถึงสูง รดน้ำปานกลาง ให้ค้ำยันหรือมอสสติ๊กเพื่อกระตุ้นใบใหญ่,moderate,indirect,high,18.0,32.0,very_slow,250.0,120.0,TRUE,TRUE,TRUE
31,Philodendron plowmanii,ฟิโลเดนดรอน โพลว์มาไนอี,Plowmanii,indoor,moderate,Peru,ฟิโลเดนดรอน โพลว์มาไนอี เป็นไม้เลื้อย/ทอดพุ่มในวงศ์ Araceae ปรับตัวในบ้านได้ดี ต้องการแสงรำไรและวัสดุปลูกโปร่งระบายน้ำดี,"Plowmanii is an aroid suited to indoor culture; thrives in bright indirect light and a chunky, well-draining medium.",ใช้ดินโปร่ง (กาบมะพร้าวสับ+เพอร์ไลต์+สแฟกนัม) ความชื้นปานกลางถึงสูง รดน้ำปานกลาง ให้ค้ำยันหรือมอสสติ๊กเพื่อกระตุ้นใบใหญ่,moderate,indirect,high,18.0,32.0,moderate,250.0,120.0,TRUE,FALSE,TRUE
32,Philodendron pastazanum,ฟิโลเดนดรอน ปัสตาซานุม,Pastazanum,indoor,moderate,Ecuador,ฟิโลเดนดรอน ปัสตาซานุม เป็นไม้เลื้อย/ทอดพุ่มในวงศ์ Araceae ปรับตัวในบ้านได้ดี ต้องการแสงรำไรและวัสดุปลูกโปร่งระบายน้ำดี,"Pastazanum is an aroid suited to indoor culture; thrives in bright indirect light and a chunky, well-draining medium.",ใช้ดินโปร่ง (กาบมะพร้าวสับ+เพอร์ไลต์+สแฟกนัม) ความชื้นปานกลางถึงสูง รดน้ำปานกลาง ให้ค้ำยันหรือมอสสติ๊กเพื่อกระตุ้นใบใหญ่,moderate,indirect,high,18.0,32.0,moderate,250.0,120.0,TRUE,FALSE,TRUE
33,Philodendron hastatum,ฟิโลเดนดรอน ฮัสตาตุม (ซิลเวอร์ซอร์ด),Silver Sword,indoor,moderate,Brazil,ฟิโลเดนดรอน ฮัสตาตุม (ซิลเวอร์ซอร์ด) เป็นไม้เลื้อย/ทอดพุ่มในวงศ์ Araceae ปรับตัวในบ้านได้ดี ต้องการแสงรำไรและวัสดุปลูกโปร่งระบายน้ำดี,"Silver Sword is an aroid suited to indoor culture; thrives in bright indirect light and a chunky, well-draining medium.",ใช้ดินโปร่ง (กาบมะพร้าวสับ+เพอร์ไลต์+สแฟกนัม) ความชื้นปานกลางถึงสูง รดน้ำปานกลาง ให้ค้ำยันหรือมอสสติ๊กเพื่อกระตุ้นใบใหญ่,moderate,indirect,high,18.0,32.0,moderate,250.0,120.0,TRUE,FALSE,TRUE
34,Anthurium crystallinum,อันธูเรียม คริสตัลลินุม,Crystallinum,indoor,difficult,Peru,อันธูเรียม คริสตัลลินุม เป็นอันธูเรียมใบ/ดอก ไม้ประดับในร่ม ต้องการความชื้นสูง แสงรำไร และอากาศถ่ายเทดี วัสดุปลูกโปร่ง,"Crystallinum is an Anthurium suited to indoor culture; requires high humidity, bright shade, airflow and a chunky, airy mix.",ใช้วัสดุปลูกโปร่ง (เปลือกสน+เพอร์ไลต์+สแฟกนัม) ความชื้น 70–90% รดน้ำสม่ำเสมอแต่ไม่ขังแฉะ วางที่อากาศถ่ายเทดี,moderate,indirect,very_high,18.0,30.0,slow,120.0,100.0,TRUE,TRUE,TRUE
35,Anthurium clarinervium,อันธูเรียม คลารีเนอร์เวียม,Clarinervium,indoor,difficult,Mexico,อันธูเรียม คลารีเนอร์เวียม เป็นอันธูเรียมใบ/ดอก ไม้ประดับในร่ม ต้องการความชื้นสูง แสงรำไร และอากาศถ่ายเทดี วัสดุปลูกโปร่ง,"Clarinervium is an Anthurium suited to indoor culture; requires high humidity, bright shade, airflow and a chunky, airy mix.",ใช้วัสดุปลูกโปร่ง (เปลือกสน+เพอร์ไลต์+สแฟกนัม) ความชื้น 70–90% รดน้ำสม่ำเสมอแต่ไม่ขังแฉะ วางที่อากาศถ่ายเทดี,moderate,indirect,very_high,18.0,30.0,slow,120.0,100.0,TRUE,TRUE,TRUE
36,Anthurium magnificum,อันธูเรียม แมกนิฟิคุม,Magnificum,indoor,difficult,Colombia,อันธูเรียม แมกนิฟิคุม เป็นอันธูเรียมใบ/ดอก ไม้ประดับในร่ม ต้องการความชื้นสูง แสงรำไร และอากาศถ่ายเทดี วัสดุปลูกโปร่ง,"Magnificum is an Anthurium suited to indoor culture; requires high humidity, bright shade, airflow and a chunky, airy mix.",ใช้วัสดุปลูกโปร่ง (เปลือกสน+เพอร์ไลต์+สแฟกนัม) ความชื้น 70–90% รดน้ำสม่ำเสมอแต่ไม่ขังแฉะ วางที่อากาศถ่ายเทดี,moderate,indirect,very_high,18.0,30.0,slow,120.0,100.0,TRUE,TRUE,TRUE
37,Anthurium warocqueanum,อันธูเรียม วาโรเควานุม (ควีน),Queen Anthurium,indoor,difficult,Colombia,อันธูเรียม วาโรเควานุม (ควีน) เป็นอันธูเรียมใบ/ดอก ไม้ประดับในร่ม ต้องการความชื้นสูง แสงรำไร และอากาศถ่ายเทดี วัสดุปลูกโปร่ง,"Queen Anthurium is an Anthurium suited to indoor culture; requires high humidity, bright shade, airflow and a chunky, airy mix.",ใช้วัสดุปลูกโปร่ง (เปลือกสน+เพอร์ไลต์+สแฟกนัม) ความชื้น 70–90% รดน้ำสม่ำเสมอแต่ไม่ขังแฉะ วางที่อากาศถ่ายเทดี,moderate,indirect,very_high,18.0,30.0,slow,120.0,100.0,TRUE,TRUE,TRUE
38,Anthurium regale,อันธูเรียม รีเกล,Regale,indoor,difficult,Peru,อันธูเรียม รีเกล เป็นอันธูเรียมใบ/ดอก ไม้ประดับในร่ม ต้องการความชื้นสูง แสงรำไร และอากาศถ่ายเทดี วัสดุปลูกโปร่ง,"Regale is an Anthurium suited to indoor culture; requires high humidity, bright shade, airflow and a chunky, airy mix.",ใช้วัสดุปลูกโปร่ง (เปลือกสน+เพอร์ไลต์+สแฟกนัม) ความชื้น 70–90% รดน้ำสม่ำเสมอแต่ไม่ขังแฉะ วางที่อากาศถ่ายเทดี,moderate,indirect,very_high,18.0,30.0,slow,120.0,100.0,TRUE,TRUE,TRUE
39,Anthurium veitchii,อันธูเรียม เวทชิไอ (คิง),King Anthurium,indoor,difficult,Colombia,อันธูเรียม เวทชิไอ (คิง) เป็นอันธูเรียมใบ/ดอก ไม้ประดับในร่ม ต้องการความชื้นสูง แสงรำไร และอากาศถ่ายเทดี วัสดุปลูกโปร่ง,"King Anthurium is an Anthurium suited to indoor culture; requires high humidity, bright shade, airflow and a chunky, airy mix.",ใช้วัสดุปลูกโปร่ง (เปลือกสน+เพอร์ไลต์+สแฟกนัม) ความชื้น 70–90% รดน้ำสม่ำเสมอแต่ไม่ขังแฉะ วางที่อากาศถ่ายเทดี,moderate,indirect,very_high,18.0,30.0,slow,120.0,100.0,TRUE,TRUE,TRUE
40,Anthurium forgetii,อันธูเรียม ฟอร์เก็ตตีไอ,Forgetii,indoor,difficult,Colombia,อันธูเรียม ฟอร์เก็ตตีไอ เป็นอันธูเรียมใบ/ดอก ไม้ประดับในร่ม ต้องการความชื้นสูง แสงรำไร และอากาศถ่ายเทดี วัสดุปลูกโปร่ง,"Forgetii is an Anthurium suited to indoor culture; requires high humidity, bright shade, airflow and a chunky, airy mix.",ใช้วัสดุปลูกโปร่ง (เปลือกสน+เพอร์ไลต์+สแฟกนัม) ความชื้น 70–90% รดน้ำสม่ำเสมอแต่ไม่ขังแฉะ วางที่อากาศถ่ายเทดี,moderate,indirect,very_high,18.0,30.0,slow,120.0,100.0,TRUE,TRUE,TRUE
41,Anthurium villenaorum,อันธูเรียม วิลเลนาออรัม,Villenaorum,indoor,difficult,Peru,อันธูเรียม วิลเลนาออรัม เป็นอันธูเรียมใบ/ดอก ไม้ประดับในร่ม ต้องการความชื้นสูง แสงรำไร และอากาศถ่ายเทดี วัสดุปลูกโปร่ง,"Villenaorum is an Anthurium suited to indoor culture; requires high humidity, bright shade, airflow and a chunky, airy mix.",ใช้วัสดุปลูกโปร่ง (เปลือกสน+เพอร์ไลต์+สแฟกนัม) ความชื้น 70–90% รดน้ำสม่ำเสมอแต่ไม่ขังแฉะ วางที่อากาศถ่ายเทดี,moderate,indirect,very_high,18.0,30.0,slow,120.0,100.0,TRUE,TRUE,TRUE
42,Anthurium vittarifolium,อันธูเรียม วิตตาริโฟลิอุม,Vittarifolium,indoor,difficult,Ecuador,อันธูเรียม วิตตาริโฟลิอุม เป็นอันธูเรียมใบ/ดอก ไม้ประดับในร่ม ต้องการความชื้นสูง แสงรำไร และอากาศถ่ายเทดี วัสดุปลูกโปร่ง,"Vittarifolium is an Anthurium suited to indoor culture; requires high humidity, bright shade, airflow and a chunky, airy mix.",ใช้วัสดุปลูกโปร่ง (เปลือกสน+เพอร์ไลต์+สแฟกนัม) ความชื้น 70–90% รดน้ำสม่ำเสมอแต่ไม่ขังแฉะ วางที่อากาศถ่ายเทดี,moderate,indirect,very_high,18.0,30.0,slow,120.0,100.0,TRUE,TRUE,TRUE
43,Anthurium pallidiflorum,อันธูเรียม พัลลิดิฟลอรัม,Pallidiflorum,indoor,difficult,Ecuador,อันธูเรียม พัลลิดิฟลอรัม เป็นอันธูเรียมใบ/ดอก ไม้ประดับในร่ม ต้องการความชื้นสูง แสงรำไร และอากาศถ่ายเทดี วัสดุปลูกโปร่ง,"Pallidiflorum is an Anthurium suited to indoor culture; requires high humidity, bright shade, airflow and a chunky, airy mix.",ใช้วัสดุปลูกโปร่ง (เปลือกสน+เพอร์ไลต์+สแฟกนัม) ความชื้น 70–90% รดน้ำสม่ำเสมอแต่ไม่ขังแฉะ วางที่อากาศถ่ายเทดี,moderate,indirect,very_high,18.0,30.0,slow,120.0,100.0,TRUE,TRUE,TRUE
44,Anthurium luxurians,อันธูเรียม ลักซ์ซูเรียนส์,Luxurians,indoor,difficult,Colombia,อันธูเรียม ลักซ์ซูเรียนส์ เป็นอันธูเรียมใบ/ดอก ไม้ประดับในร่ม ต้องการความชื้นสูง แสงรำไร และอากาศถ่ายเทดี วัสดุปลูกโปร่ง,"Luxurians is an Anthurium suited to indoor culture; requires high humidity, bright shade, airflow and a chunky, airy mix.",ใช้วัสดุปลูกโปร่ง (เปลือกสน+เพอร์ไลต์+สแฟกนัม) ความชื้น 70–90% รดน้ำสม่ำเสมอแต่ไม่ขังแฉะ วางที่อากาศถ่ายเทดี,moderate,indirect,very_high,18.0,30.0,slow,120.0,100.0,TRUE,TRUE,TRUE
45,Anthurium dressleri,อันธูเรียม เดรสเลอรี,Dressleri,indoor,difficult,Panama,อันธูเรียม เดรสเลอรี เป็นอันธูเรียมใบ/ดอก ไม้ประดับในร่ม ต้องการความชื้นสูง แสงรำไร และอากาศถ่ายเทดี วัสดุปลูกโปร่ง,"Dressleri is an Anthurium suited to indoor culture; requires high humidity, bright shade, airflow and a chunky, airy mix.",ใช้วัสดุปลูกโปร่ง (เปลือกสน+เพอร์ไลต์+สแฟกนัม) ความชื้น 70–90% รดน้ำสม่ำเสมอแต่ไม่ขังแฉะ วางที่อากาศถ่ายเทดี,moderate,indirect,very_high,18.0,30.0,slow,120.0,100.0,TRUE,TRUE,TRUE
46,Anthurium radicans,อันธูเรียม แรดดิคานส์,Radicans,indoor,moderate,Brazil,อันธูเรียม แรดดิคานส์ เป็นอันธูเรียมใบ/ดอก ไม้ประดับในร่ม ต้องการความชื้นสูง แสงรำไร และอากาศถ่ายเทดี วัสดุปลูกโปร่ง,"Radicans is an Anthurium suited to indoor culture; requires high humidity, bright shade, airflow and a chunky, airy mix.",ใช้วัสดุปลูกโปร่ง (เปลือกสน+เพอร์ไลต์+สแฟกนัม) ความชื้น 70–90% รดน้ำสม่ำเสมอแต่ไม่ขังแฉะ วางที่อากาศถ่ายเทดี,moderate,indirect,high,18.0,30.0,moderate,150.0,100.0,TRUE,FALSE,TRUE
47,Anthurium pedatoradiatum,อันธูเรียม เพดาโตราเดียตุม (ฟิงเกอร์ส),Fingers,indoor,moderate,Mexico,อันธูเรียม เพดาโตราเดียตุม (ฟิงเกอร์ส) เป็นอันธูเรียมใบ/ดอก ไม้ประดับในร่ม ต้องการความชื้นสูง แสงรำไร และอากาศถ่ายเทดี วัสดุปลูกโปร่ง,"Fingers is an Anthurium suited to indoor culture; requires high humidity, bright shade, airflow and a chunky, airy mix.",ใช้วัสดุปลูกโปร่ง (เปลือกสน+เพอร์ไลต์+สแฟกนัม) ความชื้น 70–90% รดน้ำสม่ำเสมอแต่ไม่ขังแฉะ วางที่อากาศถ่ายเทดี,moderate,indirect,high,18.0,30.0,moderate,150.0,100.0,TRUE,FALSE,TRUE
48,Anthurium hookeri,อันธูเรียม ฮูคเคอรี (เบิร์ดเนสต์),Hookeri (Bird's Nest),indoor,moderate,Trinidad and Tobago,อันธูเรียม ฮูคเคอรี (เบิร์ดเนสต์) เป็นอันธูเรียมใบ/ดอก ไม้ประดับในร่ม ต้องการความชื้นสูง แสงรำไร และอากาศถ่ายเทดี วัสดุปลูกโปร่ง,"Hookeri (Bird's Nest) is an Anthurium suited to indoor culture; requires high humidity, bright shade, airflow and a chunky, airy mix.",ใช้วัสดุปลูกโปร่ง (เปลือกสน+เพอร์ไลต์+สแฟกนัม) ความชื้น 70–90% รดน้ำสม่ำเสมอแต่ไม่ขังแฉะ วางที่อากาศถ่ายเทดี,moderate,indirect,high,18.0,30.0,moderate,150.0,100.0,TRUE,FALSE,TRUE
49,Anthurium andraeanum,อันธูเรียม อันดราเอนัม (ฟลามิงโก้),Flamingo Flower,indoor,moderate,Colombia,อันธูเรียม อันดราเอนัม (ฟลามิงโก้) เป็นอันธูเรียมใบ/ดอก ไม้ประดับในร่ม ต้องการความชื้นสูง แสงรำไร และอากาศถ่ายเทดี วัสดุปลูกโปร่ง,"Flamingo Flower is an Anthurium suited to indoor culture; requires high humidity, bright shade, airflow and a chunky, airy mix.",ใช้วัสดุปลูกโปร่ง (เปลือกสน+เพอร์ไลต์+สแฟกนัม) ความชื้น 70–90% รดน้ำสม่ำเสมอแต่ไม่ขังแฉะ วางที่อากาศถ่ายเทดี,moderate,indirect,high,18.0,30.0,moderate,150.0,100.0,TRUE,FALSE,TRUE
50,Anthurium scherzerianum,อันธูเรียม เชอร์เซอเรียนุม (ดอกงุ้ม),Scherzerianum,indoor,moderate,Costa Rica,อันธูเรียม เชอร์เซอเรียนุม (ดอกงุ้ม) เป็นอันธูเรียมใบ/ดอก ไม้ประดับในร่ม ต้องการความชื้นสูง แสงรำไร และอากาศถ่ายเทดี วัสดุปลูกโปร่ง,"Scherzerianum is an Anthurium suited to indoor culture; requires high humidity, bright shade, airflow and a chunky, airy mix.",ใช้วัสดุปลูกโปร่ง (เปลือกสน+เพอร์ไลต์+สแฟกนัม) ความชื้น 70–90% รดน้ำสม่ำเสมอแต่ไม่ขังแฉะ วางที่อากาศถ่ายเทดี,moderate,indirect,high,18.0,30.0,moderate,150.0,100.0,TRUE,FALSE,TRUE
51,Alocasia amazonica,อาโลคาเซีย อเมโซนิกา,African Mask Plant,indoor,moderate,Philippines,อาโลคาเซีย อเมโซนิกา เป็นไม้วงศ์ Araceae ใบเป็นหูช้างขนาดกลาง ลายกระดูกใบสีขาวชัดเจน เหมาะปลูกในร่มที่มีแสงสว่าง,"African Mask Plant is an aroid with distinctive elephant ear foliage and prominent white veining, suitable for bright indoor locations.",ใช้ดินโปร่งระบายน้ำดี (กาบมะพร้าว+เพอร์ไลต์+ดินใบ) รดน้ำเมื่อหน้าดินแห้ง ความชื้น 60-70% หลีกเลี่ยงแสงแดดจัด,moderate,indirect,high,18.0,28.0,moderate,80.0,60.0,TRUE,FALSE,TRUE
52,Alocasia macrorrhizos,อาโลคาเซีย แมโครไรซอส (หูช้างใหญ่),Giant Taro,outdoor,easy,Indonesia,อาโลคาเซีย แมโครไรซอส (หูช้างใหญ่) เป็นไม้วงศ์ Araceae ใบใหญ่เป็นหูช้าง ปลูกกลางแจ้งได้ดี ทนแดดได้บ้าง,"Giant Taro is a large aroid with massive elephant ear leaves, suitable for outdoor cultivation with some sun tolerance.",ใช้ดินร่วนปนทรายระบายน้ำดี รดน้ำสม่ำเสมอ ชอบที่ชื้นแต่ไม่ขังน้ำ ปลูกในแสงแรงได้บ้าง,high,indirect,moderate,20.0,35.0,fast,300.0,200.0,TRUE,FALSE,FALSE
53,Alocasia 'Black Velvet',อาโลคาเซีย แบล็ค เวลเว็ท,Black Velvet,indoor,moderate,Malaysia,อาโลคาเซีย แบล็ค เวลเว็ท เป็นไม้วงศ์ Araceae ใบสีดำกำมะหยี่ ขนาดเล็ก ลายกระดูกใบสีเงิน เป็นไม้ประดับในร่มที่นิยม,"Black Velvet is a compact aroid with velvety black leaves and silver veining, popular as an indoor ornamental plant.",ใช้ดินโปร่งระบายน้ำดี รดน้ำปานกลาง ควบคุมความชื้น 60-80% หลีกเลี่ยงใบเปียกน้ำ,moderate,indirect,high,18.0,28.0,slow,30.0,30.0,TRUE,TRUE,TRUE
54,Alocasia cuprea,อาโลคาเซีย คูเปรีย,Mirror Plant,indoor,moderate,Borneo,อาโลคาเซีย คูเปรีย เป็นไม้วงศ์ Araceae ใบสีทองแดงเหมือนกระจก ขนาดเล็กกะทัดรัด เหมาะปลูกในร่มที่มีความชื้นสูง,"Mirror Plant is a compact aroid with copper-colored reflective leaves, suitable for high humidity indoor environments.",ใช้ดินโปร่งระบายน้ำดี ความชื้น 70-80% รดน้ำเมื่อหน้าดินเริ่มแห้ง ใช้ถาดกรวดเพิ่มความชื้น,moderate,indirect,very_high,20.0,28.0,slow,40.0,35.0,TRUE,TRUE,TRUE
55,Alocasia frydek,อาโลคาเซีย ฟรายเด็ค,Green Velvet Alocasia,indoor,moderate,Philippines,อาโลคาเซีย ฟรายเด็ค เป็นไม้วงศ์ Araceae ใบสีเขียวกำมะหยี่ ลายกระดูกใบสีขาว ขนาดกลาง เหมาะปลูกในร่ม,"Green Velvet Alocasia is an aroid with velvety green leaves and white veining, medium-sized and suitable for indoor cultivation.",ใช้ดินโปร่งระบายน้ำดี รดน้ำปานกลาง ความชื้น 65-75% วางในที่แสงสว่างแต่ไม่แรง,moderate,indirect,high,18.0,28.0,moderate,60.0,45.0,TRUE,FALSE,TRUE
56,Alocasia longiloba,อาโลคาเซีย ลองกิโลบา,Longiloba,indoor,moderate,Malaysia,อาโลคาเซีย ลองกิโลบา เป็นไม้วงศ์ Araceae ใบเรียวยาวแหลมคม สีเขียวเข้ม ลายกระดูกใบชัด เป็นไม้ประดับในร่มที่โดดเด่น,"Longiloba is an aroid with elongated pointed leaves, dark green color with prominent veining, distinctive as an indoor ornamental.",ใช้ดินโปร่งระบายน้ำดี ความชื้น 60-70% รดน้ำเมื่อดินเริ่มแห้ง หลีกเลี่ยงแสงแดดจัด,moderate,indirect,high,18.0,28.0,moderate,70.0,50.0,TRUE,FALSE,TRUE
57,Alocasia zebrina,อาโลคาเซีย เซบริน่า,Zebrina,indoor,moderate,Philippines,อาโลคาเซีย เซบริน่า เป็นไม้วงศ์ Araceae โดดเด่นที่ก้านใบลายม้าลาย สีเขียวเข้มสลับขาว ใบเป็นรูปหัวใจแหลม,"Zebrina is an aroid distinguished by its zebra-striped petioles in dark green and white, with arrow-shaped leaves.",ใช้ดินโปร่งระบายน้ำดี รดน้ำปานกลาง ความชื้น 65-75% ต้องการแสงสว่างแต่ไม่แรง,moderate,indirect,high,18.0,28.0,moderate,90.0,60.0,TRUE,TRUE,TRUE
58,Calathea orbifolia,คาลาเธีย ออร์บิโฟเลีย,Orbifolia,indoor,moderate,Bolivia,คาลาเธีย ออร์บิโฟเลีย เป็นไม้วงศ์ Marantaceae ใบใหญ่กลมลายเส้นสีเงิน เป็นไม้ประดับในร่มที่ต้องการความชื้นสูง,"Orbifolia is a Marantaceae with large round leaves featuring silver striping, an indoor ornamental requiring high humidity.",ใช้ดินร่วนผสมใบไผ่ รดน้ำด้วยน้ำกรอง ความชื้น 70-80% หลีกเลี่ยงแสงแดดโดยตรง ใช้น้ำไม่มีคลอรีน,high,indirect,very_high,18.0,26.0,moderate,100.0,80.0,FALSE,FALSE,TRUE
59,Calathea medallion,คาลาเธีย เมดัลเลียน,Medallion,indoor,moderate,Brazil,คาลาเธีย เมดัลเลียน เป็นไม้วงศ์ Marantaceae ใบลายคล้ายเหรียญ สีเขียวเข้มและสีเงิน ด้านหลังใบสีม่วงแดง,"Medallion is a Marantaceae with medallion-patterned leaves in dark green and silver, purple-red undersides.",ใช้ดินร่วนผสมใบไผ่ รดน้ำด้วยน้ำกรอง ความชื้น 70-80% หลีกเลี่ยงแสงแดดโดยตรง,high,indirect,very_high,18.0,26.0,moderate,60.0,50.0,FALSE,FALSE,TRUE
60,Calathea lancifolia,คาลาเธีย แลนซิโฟเลีย (แรตเทิลสเนค),Rattlesnake Plant,indoor,moderate,Brazil,คาลาเธีย แลนซิโฟเลีย (แรตเทิลสเนค) เป็นไม้วงศ์ Marantaceae ใบยาวลายจุดเขียวเข้มคล้ายงูพิษ ด้านหลังใบสีม่วง,"Rattlesnake Plant is a Marantaceae with elongated leaves featuring dark green spots resembling snake patterns, purple undersides.",ใช้ดินร่วนผสมใบไผ่ รดน้ำด้วยน้ำกรอง ความชื้น 70-80% วางในที่แสงรำไร,high,indirect,very_high,18.0,26.0,moderate,80.0,60.0,FALSE,FALSE,TRUE
61,Calathea roseopicta 'Dottie',คาลาเธีย โรเซโอพิคต้า ด็อตตี้,Dottie,indoor,moderate,Brazil,คาลาเธีย โรเซโอพิคต้า ด็อตตี้ เป็นไม้วงศ์ Marantaceae ใบสีดำเข้มขอบสีชมพู ด้านหลังใบสีม่วงแดงเข้ม,"Dottie is a Marantaceae with near-black leaves edged in pink, deep purple-red undersides creating dramatic contrast.",ใช้ดินร่วนผสมใบไผ่ รดน้ำด้วยน้ำกรอง ความชื้น 70-80% ต้องการแสงสว่างแต่ไม่แรง,high,indirect,very_high,18.0,26.0,moderate,40.0,40.0,FALSE,TRUE,TRUE
62,Calathea makoyana,คาลาเธีย มาโคยานา (พีค็อกเพลนท์),Peacock Plant,indoor,moderate,Brazil,คาลาเธีย มาโคยานา (พีค็อกเพลนท์) เป็นไม้วงศ์ Marantaceae ใบบางโปร่งลายคล้ายขนนกยูง สีเขียวอ่อนถึงเข้ม,Peacock Plant is a Marantaceae with thin translucent leaves featuring peacock-like patterns in light to dark green shades.,ใช้ดินร่วนผสมใบไผ่ รดน้ำด้วยน้ำกรอง ความชื้น 70-80% หลีกเลี่ยงลมแรงและแสงแดดจัด,high,indirect,very_high,18.0,26.0,moderate,50.0,45.0,FALSE,FALSE,TRUE
63,Calathea zebrina,คาลาเธีย เซบริน่า,Zebra Plant,indoor,moderate,Brazil,คาลาเธีย เซบริน่า เป็นไม้วงศ์ Marantaceae ใบใหญ่ลายทางสีเขียวเข้มและอ่อนสลับกัน คล้ายลายม้าลาย,Zebra Plant is a Marantaceae with large leaves featuring alternating dark and light green stripes resembling zebra patterns.,ใช้ดินร่วนผสมใบไผ่ รดน้ำด้วยน้ำกรอง ความชื้น 70-80% วางในที่แสงรำไรสม่ำเสมอ,high,indirect,very_high,18.0,26.0,moderate,90.0,70.0,FALSE,FALSE,TRUE
64,Calathea warscewiczii,คาลาเธีย วาร์เซวิชซี่ (เวลเว็ทจังเกิล),Velvet Jungle,indoor,moderate,Costa Rica,คาลาเธีย วาร์เซวิชซี่ (เวลเว็ทจังเกิล) เป็นไม้วงศ์ Marantaceae ใบใหญ่กำมะหยี่สีเขียวเข้มลายสีอ่อน,"Velvet Jungle is a Marantaceae with large velvety leaves in dark green with lighter patterning, creating a jungle-like appearance.",ใช้ดินร่วนผสมใบไผ่ รดน้ำด้วยน้ำกรอง ความชื้น 70-80% ต้องการแสงรำไรและอากาศถ่ายเท,high,indirect,very_high,18.0,26.0,moderate,120.0,80.0,FALSE,FALSE,TRUE
65,Epipremnum aureum,โพธอส (เดวิลส์ ไอวี่),Golden Pothos,indoor,easy,French Polynesia,โพธอส (เดวิลส์ ไอวี่) เป็นไม้เลื้อยวงศ์ Araceae ใบเป็นหัวใจสีเขียวด่างเหลือง ปลูกง่าย เหมาะสำหรับมือใหม่,"Golden Pothos is an easy-care aroid climber with heart-shaped green leaves variegated in yellow, perfect for beginners.",ใช้ดินทั่วไประบายน้ำดี รดน้ำเมื่อดินแห้ง ทนต่อแสงน้อย ปลูกในน้ำได้ ตัดแต่งได้ตามต้องการ,low,indirect,low,15.0,30.0,fast,300.0,100.0,TRUE,FALSE,FALSE
66,Epipremnum aureum 'Marble Queen',โพธอส มาร์เบิล ควีน,Marble Queen Pothos,indoor,easy,French Polynesia,โพธอส มาร์เบิล ควีน เป็นไม้เลื้อยวงศ์ Araceae ใบเป็นหัวใจลายหินอ่อนขาวเขียว ปลูกง่าย เติบโตเร็ว,"Marble Queen Pothos is an easy-care aroid climber with heart-shaped leaves in white and green marble patterns, fast-growing.",ใช้ดินทั่วไประบายน้ำดี รดน้ำเมื่อดินแห้ง ต้องการแสงมากกว่าพันธุ์ธรรมดา เพื่อรักษาลายด่าง,low,indirect,low,15.0,30.0,fast,300.0,100.0,TRUE,FALSE,TRUE
67,Epipremnum aureum 'Neon',โพธอส นีออน,Neon Pothos,indoor,easy,French Polynesia,โพธอส นีออน เป็นไม้เลื้อยวงศ์ Araceae ใบเป็นหัวใจสีเขียวสดใส เหมือนแสงนีออน ปลูกง่ายมาก,"Neon Pothos is an easy-care aroid climber with bright neon-green heart-shaped leaves, extremely easy to grow.",ใช้ดินทั่วไประบายน้ำดี รดน้ำเมื่อดินแห้ง ทนแสงน้อยแต่สีจะสวยในแสงสว่าง,low,indirect,low,15.0,30.0,fast,300.0,100.0,TRUE,FALSE,TRUE
68,Epipremnum pinnatum,โพธอส พินนาตุม (เซบู บลู),Cebu Blue,indoor,easy,Philippines,โพธอส พินนาตุม (เซบู บลู) เป็นไม้เลื้อยวงศ์ Araceae ใบสีเขียวแกมน้ำเงิน เป็นมัน ใบแก่จะแยกเป็นแฉก,Cebu Blue is an easy-care aroid climber with blue-green glossy leaves that develop fenestrations with age.,ใช้ดินทั่วไประบายน้ำดี รดน้ำเมื่อดินแห้ง ให้ค้ำยันเพื่อกระตุ้นใบใหญ่และแยกเป็นแฉก,low,indirect,low,15.0,30.0,fast,300.0,100.0,TRUE,FALSE,TRUE
69,Epipremnum amplissimum,โพธอส แอมพลิสซิมุม,Amplissimum,indoor,moderate,Australia,โพธอส แอมพลิสซิมุม เป็นไม้เลื้อยวงศ์ Araceae ใบแยกเป็นแฉกเหมือนใบเฟิร์น สีเขียวเข้ม ขึ้นช้ากว่าโพธอสทั่วไป,"Amplissimum is a moderate-care aroid climber with deeply lobed fern-like leaves in dark green, slower growing than common pothos.",ใช้ดินโปร่งระบายน้ำดี รดน้ำเมื่อดินเริ่มแห้ง ความชื้นปานกลาง ให้ค้ำยันเพื่อกระตุ้นใบแยกแฉก,moderate,indirect,moderate,18.0,28.0,moderate,250.0,100.0,TRUE,TRUE,TRUE
70,Scindapsus pictus,ซิลเวอร์ โพธอส,Silver Pothos,indoor,easy,Indonesia,ซิลเวอร์ โพธอส เป็นไม้เลื้อยวงศ์ Araceae ใบเป็นหัวใจสีเขียวเข้มจุดสีเงิน ผิวใบกำมะหยี่ ปลูกง่าย,"Silver Pothos is an easy-care aroid climber with dark green heart-shaped leaves spotted in silver, velvety texture.",ใช้ดินทั่วไประบายน้ำดี รดน้ำเมื่อดินแห้ง ทนแสงน้อย ปลูกแขวนหรือให้เลื้อยได้,low,indirect,low,15.0,30.0,moderate,200.0,100.0,TRUE,FALSE,TRUE
71,Scindapsus treubii 'Moonlight',ซิลเวอร์ โพธอส มูนไลท์,Moonlight Scindapsus,indoor,moderate,Indonesia,ซิลเวอร์ โพธอส มูนไลท์ เป็นไม้เลื้อยวงศ์ Araceae ใบสีเงินแสงจันทร์ ผิวใบกำมะหยี่ เติบโตช้า หายาก,"Moonlight Scindapsus is a moderate-care aroid climber with silvery moonlight-colored velvety leaves, slow-growing and rare.",ใช้ดินโปร่งระบายน้ำดี รดน้ำเมื่อดินแห้ง ความชื้นปานกลาง ต้องการแสงสว่างแต่ไม่แรง,moderate,indirect,moderate,18.0,28.0,slow,200.0,100.0,TRUE,TRUE,TRUE
72,Ixora coccinea,เข็มแดง,Flame of the Woods,outdoor,easy,India,เข็มแดง เป็นไม้พุ่มดอกสีแดงสด ออกดอกเป็นช่อเป็นปี เหมาะสำหรับปลูกประดับสวน กั้นแปลง หรือทำรั้วต้นเตี้ย,"Flame of the Woods is an easy-care flowering shrub with bright red flower clusters, blooming year-round, suitable for garden borders and low hedges.",ใช้ดินร่วนปนทราย รดน้ำสม่ำเสมอ ปลูกในแสงแดดเต็มวัน ตัดแต่งหลังออกดอก ใส่ปุ๋ยดอกเดือนละครั้ง,moderate,direct,low,20.0,35.0,moderate,200.0,150.0,FALSE,FALSE,FALSE
73,Ixora javanica,เข็มชวา,Javanese Ixora,outdoor,easy,Indonesia,เข็มชวา เป็นไม้พุ่มดอกสีส้มแดง ออกดอกเป็นช่อใหญ่ ใบเรียบเขียวเข้ม เหมาะปลูกประดับสวนและทำรั้วไผ่,"Javanese Ixora is an easy-care flowering shrub with orange-red flower clusters, smooth dark green leaves, suitable for gardens and hedging.",ใช้ดินร่วนปนทราย รดน้ำสม่ำเสมอ ปลูกในแสงแดดเต็มวัน ตัดแต่งเป็นรูปร่างได้,moderate,direct,low,20.0,35.0,moderate,250.0,180.0,FALSE,FALSE,FALSE
74,Pentas lanceolata,ดาวเรือง,Egyptian Star Cluster,outdoor,easy,East Africa,ดาวเรือง เป็นไม้พุ่มดอกเล็กเป็นช่อรูปดาว สีขาว ชมพู แดง ม่วง ออกดอกตลอดปี ดึงดูดผีเสื้อและผึ้ง,"Egyptian Star Cluster is an easy-care flowering shrub with small star-shaped flowers in white, pink, red, purple clusters, blooming year-round, attracting butterflies and bees.",ใช้ดินร่วนระบายน้ำดี รดน้ำสม่ำเสมอ ปลูกในแสงแดดเต็มวัน ตัดยอดเพื่อให้แตกกิ่งมาก,low,direct,low,15.0,35.0,fast,120.0,100.0,FALSE,FALSE,FALSE
75,Ruellia simplex,รูเอลเลีย (เม็กซิแกน พิทูเนีย),Mexican Petunia,outdoor,easy,Mexico,รูเอลเลีย (เม็กซิแกน พิทูเนีย) เป็นไม้พุ่มดอกสีม่วงคล้ายพิทูเนีย ใบยาวเรียว ออกดอกตลอดปี แพร่ขยายได้เร็ว,"Mexican Petunia is an easy-care flowering shrub with purple petunia-like flowers, narrow leaves, blooming year-round, fast-spreading.",ใช้ดินทั่วไป รดน้ำปานกลาง ปลูกในแสงแดดเต็มวันหรือแสงบางส่วน แพร่ขยายเร็วต้องควบคุม,low,indirect,low,10.0,35.0,fast,100.0,80.0,FALSE,FALSE,FALSE
76,Catharanthus roseus,ดอกนางนวล,Madagascar Periwinkle,outdoor,easy,Madagascar,ดอกนางนวล เป็นไม้พุ่มเตี้ยดอกสี 5 กลีบ สีขาว ชมพู แดง ม่วง ออกดอกตลอดปี ทนแล้ง ทนแดด เหมาะปลูกริมทาง,"Madagascar Periwinkle is an easy-care low shrub with 5-petaled flowers in white, pink, red, purple, blooming year-round, drought and sun tolerant.",ใช้ดินร่วนปนทรายระบายน้ำดี รดน้ำปานกลาง ปลูกในแสงแดดเต็มวัน ทนแล้งเมื่อโตแล้ว,low,direct,low,15.0,40.0,fast,60.0,40.0,FALSE,FALSE,FALSE
77,Bougainvillea spectabilis,เฟื่องฟ้า,Bougainvillea,outdoor,easy,Brazil,เฟื่องฟ้า เป็นไม้เลื้อยมีหนาม ใบประดับสีสันสดใส (ไม่ใช่ดอกจริง) มีหลายสี ปีนป่ายได้สูง เหมาะปลูกประดับรั้ว ซุ้มประตู,"Bougainvillea is a thorny climbing vine with vibrant colored bracts (not true flowers) in various colors, climbing high, suitable for fences and archways.",ใช้ดินร่วนปนทรายระบายน้ำดี รดน้ำปานกลาง ปลูกในแสงแดดเต็มวัน ตัดแต่งสม่ำเสมอ ทนแล้ง,low,direct,low,15.0,40.0,fast,800.0,300.0,FALSE,FALSE,FALSE
78,Antigonon leptopus,เถาวัลย์หัวใจ,Coral Vine,outdoor,easy,Mexico,เถาวัลย์หัวใจ เป็นไม้เลื้อยดอกสีชมพู ออกดอกเป็นช่อยาว ใบเป็นรูปหัวใจ เติบโตเร็ว ปีนป่ายปกคลุมได้ดี,"Coral Vine is a fast-growing climbing vine with pink flowers in long clusters, heart-shaped leaves, excellent for covering and climbing.",ใช้ดินทั่วไประบายน้ำดี รดน้ำสม่ำเสมอ ปลูกในแสงแดดเต็มวันหรือแสงบางส่วน แพร่ขยายเร็ว,moderate,indirect,low,15.0,35.0,fast,600.0,300.0,FALSE,FALSE,FALSE
79,Ficus lyrata,ไทรใบสัก,Fiddle Leaf Fig,indoor,moderate,Cameroon,ไทรใบสักเป็นไม้ใบประดับใบใหญ่รูปทรงคล้ายใบไวโอลิน เหมาะกับการปลูกในอาคารเพื่อสร้างจุดเด่นและเพิ่มมิติให้พื้นที่,"Large, violin-shaped leaves make this fig a striking indoor specimen, ideal as a focal point in bright rooms.",รดน้ำเมื่อดินส่วนบนแห้ง 2–3 ซม. ใช้ดินโปร่งระบายน้ำดี วางที่แสงรำไรอากาศถ่ายเท และเช็ดใบเพื่อลดฝุ่น,moderate,indirect,moderate,16.0,32.0,moderate,300.0,150.0,FALSE,FALSE,TRUE
80,Rhaphidophora tetrasperma,มอนสเตอร่าน้อย,Mini Monstera,indoor,easy,Thailand,เถาเลื้อยใบแฉกคล้ายมอนสเตอร่า โตไว เหมาะกับคอนโดหรือบ้านพื้นที่จำกัด ช่วยสร้างบรรยากาศทรอปิคอล,Fast-growing climbing aroid with fenestrated leaves; perfect for compact tropical vibes indoors.,ใช้ไม้ค้ำหรือมอสส์โพล รดน้ำสม่ำเสมอแต่ไม่แฉะ ดินโปร่ง ระบายน้ำดี ความชื้นปานกลางถึงสูง แสงรำไร,moderate,indirect,high,18.0,32.0,fast,300.0,80.0,TRUE,FALSE,TRUE
81,Monstera obliqua,มอนสเตอร่า โอบลิควา,Monstera obliqua,indoor,difficult,Peru,มอนสเตอร่าหายาก ใบมีช่องกว้างมาก เนื้อใบบาง ต้องการความชื้นสูงและการดูแลพิถีพิถัน,Extremely delicate and rare Monstera with highly perforated leaves; thrives only in very high humidity.,วางในตู้กระจก/ตู้ชื้น รดน้ำพอชุ่มคงที่ ใช้สฟักนัมมอสหรือดินโปร่งมาก แสงรำไร ความชื้นสูงมาก,moderate,indirect,very_high,20.0,30.0,very_slow,200.0,80.0,TRUE,TRUE,TRUE
82,Zamioculcas zamiifolia,กวักมรกต,ZZ Plant,indoor,easy,Tanzania,ไม้ใบอึดทน เหมาะกับแสงน้อยและผู้เริ่มต้น ใบเขียวมันวาว เก็บน้ำในเหง้าได้ดี,"Tough, low-light tolerant foliage plant with glossy leaflets and water-storing rhizomes.",รดน้ำเมื่อดินแห้งสนิท ใช้กระถางมีรูระบายน้ำ แสงน้อยถึงรำไร หลีกเลี่ยงน้ำขัง,low,low,moderate,16.0,32.0,slow,100.0,80.0,TRUE,FALSE,TRUE
83,Spathiphyllum wallisii,เดหลี,Peace Lily,indoor,easy,Colombia,ไม้ใบในร่มดอกสีขาว รูปทรงสง่างาม ดูดสารพิษได้ดี เหมาะกับห้องทำงานและห้องนั่งเล่น,Elegant white spathes and air-purifying foliage; a classic low-light indoor plant.,ดินชุ่มแต่ไม่แฉะ รดน้ำสม่ำเสมอ แสงน้อยถึงรำไร เพิ่มความชื้นรอบต้นและตัดดอกเหี่ยว,moderate,low,high,18.0,30.0,moderate,60.0,60.0,TRUE,FALSE,TRUE
84,Aglaonema commutatum,เขียวหมื่นปี,Chinese Evergreen,indoor,easy,Philippines,ไม้ใบลาย ทนร่ม ดูแลง่าย เหมาะสำหรับตกแต่งภายในและพื้นที่แสงน้อย,Shade-tolerant variegated foliage plant well-suited for low-light interiors.,ใช้ดินโปร่ง รดน้ำเมื่อดินแห้งเล็กน้อย วางแสงรำไร หลีกเลี่ยงแดดจัดที่ทำให้ใบไหม้,moderate,indirect,high,18.0,32.0,moderate,80.0,60.0,TRUE,FALSE,TRUE
85,Philodendron billietiae,ฟิโลเดนดรอน บิลเลเทียเอ,Philodendron billietiae,indoor,moderate,Brazil,ใบเรียวยาวสีเขียวสด ก้านส้มโดดเด่น ลักษณะทรอปิคอลชัดเจน เหมาะเป็นจุดเด่นในห้อง,Long narrow leaves with striking orange petioles; a bold tropical statement plant.,ให้ค้ำสำหรับเลื้อย ดินโปร่งร่วน รดน้ำสม่ำเสมอไม่แฉะ แสงรำไร ความชื้นปานกลางถึงสูง,moderate,indirect,high,18.0,32.0,moderate,150.0,80.0,TRUE,TRUE,TRUE
86,Scindapsus treubii,สกินดาปซัส ทรูบิไอ,Scindapsus treubii,indoor,easy,Indonesia,ไม้เลื้อยใบหนาสีเขียวเข้ม โตช้าแต่ทนทาน เหมาะกับการเลื้อยหรือคลุมกระถางแขวน,Slow but sturdy climber with thick dark-green leaves; great as a climber or trailing plant.,ดินโปร่ง รดน้ำเมื่อดินแห้ง 1–2 นิ้ว แสงรำไรถึงปานกลาง ใช้ไม้ค้ำเพื่อใบใหญ่ขึ้น,moderate,indirect,moderate,18.0,32.0,slow,200.0,60.0,TRUE,FALSE,TRUE
87,Hoya carnosa,โฮย่า คาร์โนซา,Wax Plant,indoor,easy,China,เถาไต่ใบหนามันวาว ดอกช่อหอม ห้อยสวยงาม เหมาะกับกระถางแขวนในที่สว่าง,Wax-leafed climber with fragrant umbels; excellent for bright indoor hanging baskets.,แสงรำไรถึงสว่างจัด รดน้ำเมื่อดินแห้งครึ่งกระถาง ใช้ดินโปร่งและกระถางระบายน้ำดี,moderate,indirect,moderate,16.0,30.0,slow,300.0,80.0,FALSE,FALSE,TRUE
88,Maranta leuconeura,มารันทา ใบละหมาด,Prayer Plant,indoor,moderate,Brazil,ใบลายโดดเด่น ขึ้นใบในตอนกลางคืนคล้ายพนมมือ ชอบความชื้นและแสงรำไร,Strikingly patterned leaves that fold at night; prefers humidity and indirect light.,ดินโปร่งชุ่มชื้นสม่ำเสมอ แสงรำไร เพิ่มความชื้นโดยพ่นฝอยหรือวางถาดน้ำ,moderate,indirect,high,18.0,30.0,moderate,40.0,60.0,FALSE,FALSE,TRUE
89,Bougainvillea glabra,เฟื่องฟ้า กลาบรา,Paperflower,shrub,easy,Brazil,ไม้พุ่มเลื้อยดอกสีสด บานตลอดปีในที่แดดจัด เหมาะทำซุ้มหรือรั้ว,Vigorous shrub-vine with vivid bracts; blooms heavily under full sun.,ปลูกในแดดจัด ดินร่วนระบายน้ำดี รดน้ำปานกลาง ตัดแต่งหลังออกดอกเพื่อทรงพุ่ม,moderate,direct,low,18.0,36.0,fast,500.0,300.0,FALSE,FALSE,TRUE
90,Hibiscus rosa-sinensis,ชบา,Chinese Hibiscus,shrub,easy,China,ไม้พุ่มดอกใหญ่หลากสี ออกดอกต่อเนื่อง เหมาะปลูกประดับรั้วหรือเป็นไม้เดี่ยว,"Showy, long-blooming shrub with large flowers in many colors; great for hedges or specimen planting.",แดดจัดถึงครึ่งวัน ดินร่วนชุ่มแต่ไม่แฉะ ใส่ปุ๋ยสม่ำเสมอและตัดแต่งกิ่งหลังดอกโรย,moderate,direct,moderate,18.0,35.0,fast,300.0,250.0,FALSE,FALSE,TRUE
91,Murraya paniculata,แก้ว,Orange Jasmine,shrub,easy,India,ไม้พุ่มเขียวตลอดปี ดอกขาวหอมแรง ออกดอกเป็นระยะ เหมาะทำแนวรั้ว,Evergreen hedge shrub with intensely fragrant white blossoms.,แดดจัดถึงครึ่งวัน ดินร่วนระบายน้ำดี รดน้ำปานกลาง ตัดแต่งเพื่อรักษาทรงพุ่ม,moderate,direct,moderate,16.0,35.0,moderate,300.0,200.0,FALSE,FALSE,TRUE
92,Plumeria rubra,ลีลาวดี,Frangipani,tree,easy,Mexico,ไม้ยืนต้นดอกหอมรูปดาว ใบใหญ่ มีพักตัวในฤดูแล้ง เหมาะเป็นไม้เดี่ยว,Fragrant star-shaped flowers on a deciduous tropical tree; iconic in resort landscapes.,ปลูกแดดจัด ดินร่วนปนทราย ระบายน้ำดี รดน้ำปานกลางและหลีกเลี่ยงน้ำขังช่วงพักตัว,moderate,direct,low,18.0,36.0,moderate,600.0,500.0,TRUE,FALSE,TRUE
93,Tabebuia rosea,ตาเบบูยา ชมพู,Pink Trumpet Tree,tree,easy,Mexico,ไม้ยืนต้นผลัดใบ ดอกชมพูหวานบานพร้อมกันสวยเด่นช่วงปลายฤดูแล้ง,"Deciduous tree with massed pink blossoms, spectacular in late dry season.",ปลูกแดดจัด ดินร่วน ระบายน้ำดี รดน้ำปานกลาง ตัดแต่งกิ่งหลังออกดอก,moderate,direct,low,15.0,36.0,moderate,1500.0,800.0,FALSE,FALSE,TRUE
94,Jacaranda mimosifolia,จากาแรนดา,Jacaranda,tree,moderate,Argentina,ไม้ยืนต้นดอกสีม่วงฟ้า ส่งกลิ่นหอมอ่อน ๆ ใบละเอียดโปร่ง สร้างบรรยากาศโรแมนติก,Tree with ferny foliage and lavender-blue panicles providing airy shade and spring color.,ปลูกแดดจัด ดินร่วนระบายน้ำดี ต้องการช่วงอากาศเย็นเพื่อกระตุ้นดอก รดน้ำสม่ำเสมอ,moderate,direct,moderate,10.0,32.0,moderate,1200.0,800.0,FALSE,TRUE,FALSE
95,Tecoma stans,เหลืองอินเดีย,Yellow Bells,shrub,easy,Mexico,ไม้พุ่มดอกเหลืองสดทรงระฆัง ออกดอกทั้งปีในแดดจัด ทนแล้งได้ดี,Sun-loving shrub with bright yellow trumpet flowers; drought tolerant once established.,ปลูกแดดจัด ดินร่วนปนทราย รดน้ำปานกลาง ตัดแต่งเพื่อกระตุ้นแตกกิ่งและดอก,low,direct,low,18.0,36.0,fast,400.0,300.0,TRUE,FALSE,TRUE
96,Duranta erecta,เทียนหยด,Golden Dewdrop,shrub,easy,Mexico,ไม้พุ่มเขียวตลอดปี ดอกม่วงอ่อนและผลสีส้มสด เหมาะทำแนวรั้ว,Evergreen shrub with lilac flowers and showy orange berries; good for hedging.,แดดจัด ดินร่วนระบายน้ำดี รดน้ำปานกลาง ตัดแต่งสม่ำเสมอ,moderate,direct,low,18.0,36.0,fast,300.0,250.0,TRUE,FALSE,TRUE
97,Lantana camara,ผกากรอง,Lantana,shrub,easy,Mexico,ไม้พุ่มดอกช่อเปลี่ยนสี ทนแล้งและทนร้อน เหมาะปลูกกลางแจ้ง,Heat- and drought-tolerant shrub with multi-colored flower clusters.,ปลูกแดดจัด ดินร่วนปนทราย รดน้ำน้อยแต่สม่ำเสมอ ตัดแต่งหลังดอกเพื่อแตกช่อใหม่,low,direct,low,18.0,36.0,fast,150.0,200.0,TRUE,FALSE,TRUE
98,Lagerstroemia speciosa,อินทนิลน้ำ,Queen's Crape Myrtle,tree,easy,India,ไม้ยืนต้นดอกสีม่วง-ชมพูช่อใหญ่ ทรงพุ่มโปร่ง ให้ร่มเงาดี เหมาะปลูกเป็นไม้เด่น,Large panicles of pink-purple flowers on a shade-giving tropical tree.,แดดจัด ดินร่วน ระบายน้ำดี รดน้ำปานกลาง ตัดแต่งหลังออกดอก,moderate,direct,moderate,16.0,36.0,moderate,1500.0,1000.0,FALSE,FALSE,TRUE
99,Ajuga reptans,อะจูกา,Bugleweed,border,easy,France,ไม้มุงคลุมดินใบสีม่วงเขียว มีช่อดอกสีฟ้า-ม่วง เหมาะทำขอบแปลง,"Low, mat-forming groundcover with blue-purple flower spikes for edging.",ปลูกแดดรำไรถึงครึ่งวัน ดินชุ่มพอควร รดน้ำสม่ำเสมอไม่ให้แฉะ,moderate,indirect,moderate,10.0,28.0,moderate,15.0,60.0,FALSE,FALSE,FALSE
100,Dichondra argentea,ดิโคอนดรา ซิลเวอร์ฟอลส์,Dichondra Silver Falls,border,easy,Mexico,ไม้คลุมดินใบสีเงินห้อยยาวสวยงาม เหมาะปลูกกระถางแขวนหรือริมขอบกำแพง,Silvery trailing groundcover ideal for hanging baskets and cascading edges.,แดดจัดถึงครึ่งวัน ดินระบายน้ำดี รดน้ำปานกลาง หลีกเลี่ยงน้ำขัง,moderate,direct,low,15.0,32.0,moderate,15.0,120.0,FALSE,FALSE,TRUE
101,Ophiopogon japonicus,มอนโดกราส,Mondo Grass,border,easy,Japan,ไม้คลุมดินใบเรียวยาวสีเขียวเข้ม ทนร่ม เหมาะกรุยทางเดินและขอบแปลง,"Fine-textured, shade-tolerant tufted groundcover for paths and borders.",แสงรำไรถึงครึ่งวัน ดินร่วนโปร่งชุ่มพอควร รดน้ำสม่ำเสมอ,moderate,indirect,moderate,10.0,32.0,slow,25.0,30.0,FALSE,FALSE,TRUE
102,Lavandula angustifolia,ลาเวนเดอร์,English Lavender,border,moderate,France,ไม้พุ่มเตี้ยหอมแรง ใบสีเทาเงิน ดอกสีม่วง เหมาะปลูกเป็นแถวขอบแปลง,Fragrant dwarf shrub with silvery leaves and purple spikes; classic low hedge.,ปลูกแดดจัด ดินโปร่งแห้งเล็กน้อย ระบายน้ำดี รดน้ำพอประมาณ หลีกเลี่ยงความชื้นสูง,low,direct,low,5.0,28.0,slow,60.0,80.0,FALSE,FALSE,TRUE
103,Rosmarinus officinalis,โรสแมรี,Rosemary,herb,moderate,Spain,สมุนไพรกลิ่นหอมทรงพุ่มใบเข็ม ใช้ทำอาหารและแต่งสวนเมดิเตอร์เรเนียน,"Aromatic culinary herb with needle-like leaves, suited to Mediterranean-style borders.",แดดจัด ดินโปร่งระบายน้ำดี รดน้ำน้อยแต่สม่ำเสมอ ตัดแต่งเพื่อทรงพุ่มแน่น,low,direct,low,5.0,30.0,slow,100.0,100.0,FALSE,FALSE,TRUE
104,Thymus serpyllum,ไธม์ เลื้อย,Creeping Thyme,border,easy,Greece,ไม้คลุมดินหอมอ่อน ๆ ดอกสีชมพู-ม่วง เหมาะปลูกตามร่องแผ่นทางเดิน,Low aromatic groundcover with pink-purple blooms; tolerates light foot traffic.,แดดจัด ดินโปร่ง ระบายน้ำดี รดน้ำพอประมาณ หลีกเลี่ยงแฉะ,low,direct,low,5.0,28.0,slow,8.0,60.0,FALSE,FALSE,TRUE
105,Echeveria elegans,เอคีเวเรีย เอลีแกนส์,Mexican Snowball,succulent,easy,Mexico,ไม้อวบน้ำทรงกุหลาบสีเขียวฟ้า แตกกอได้ง่าย เหมาะปลูกกระถางและสวนหิน,Rosette-forming succulent with bluish-green leaves; excellent for pots and rock gardens.,แดดจัดถึงครึ่งวัน ดินทรายระบายน้ำดี รดน้ำน้อยเมื่อดินแห้งสนิท,low,direct,low,10.0,32.0,slow,15.0,20.0,FALSE,FALSE,TRUE
106,Sedum morganianum,หางกระรอก,Burro's Tail,succulent,moderate,Mexico,ไม้อวบน้ำห้อยยาว ใบอวบน้ำแน่น ปลูกกระถางแขวนสวยงาม,Trailing succulent with dense bead-like leaves; stunning in hanging baskets.,แดดสว่างถึงครึ่งวัน ดินโปร่งทราย รดน้ำน้อยและหลีกเลี่ยงโดนน้ำที่ใบแรง ๆ,low,indirect,low,12.0,32.0,slow,60.0,50.0,FALSE,FALSE,TRUE
107,Haworthia cooperi,ฮาโอวอร์เธีย คูเปอรี,Haworthia cooperi,succulent,easy,South Africa,ไม้อวบน้ำใบโปร่งแสง รูปทรงกอเล็ก เหมาะโต๊ะทำงานและแสงรำไร,Small translucent-leaved rosettes; thrives in bright shade indoors.,แสงรำไร ดินทรายโปร่ง รดน้ำน้อยเว้นให้ดินแห้งก่อนรอบถัดไป,low,indirect,low,10.0,30.0,slow,10.0,12.0,FALSE,FALSE,TRUE
108,Crassula ovata,ต้นหยก,Jade Plant,succulent,easy,South Africa,ไม้อวบน้ำกิ่งอวบน้ำ ใบหนาเงา เชื่อกันว่าเสริมโชคลาภ เหมาะปลูกกระถาง,Tree-like succulent with thick glossy leaves; a classic easy-care houseplant.,แดดจัดถึงครึ่งวัน ดินทรายโปร่ง รดน้ำน้อยเมื่อดินแห้งสนิท,low,direct,low,10.0,32.0,slow,150.0,100.0,TRUE,FALSE,TRUE
109,Mammillaria elongata,แมมมิลลาเรีย เอลองกาตา,Ladyfinger Cactus,cactus,easy,Mexico,กระบองเพชรลำต้นทรงนิ้ว มีหนามละเอียดสีทอง แตกกอเป็นพุ่ม,Clumping cactus with golden spines and finger-like stems.,แดดจัด ดินทรายระบายน้ำดี รดน้ำน้อยมาก ระวังน้ำขัง,low,direct,low,10.0,35.0,slow,25.0,30.0,FALSE,FALSE,TRUE
110,Opuntia microdasys,กระบองเพชรมิกกี้เมาส์,Bunny Ear Cactus,cactus,easy,Mexico,กระบองเพชรแผ่นแปะหูหนู มีตุ่มหนามเล็กจำนวนมาก ควรจัดวางห่างมือเด็ก,Pad-forming cactus with numerous glochids; handle with care.,แดดจัด ดินทรายโปร่ง รดน้ำน้อยมาก หลีกเลี่ยงการสัมผัสหนามละเอียด,low,direct,low,12.0,36.0,slow,60.0,60.0,FALSE,FALSE,TRUE
111,Nelumbo nucifera,บัวหลวง,Sacred Lotus,water,moderate,India,พืชน้ำเหง้าใต้ดิน ดอกใหญ่หอม อยู่ในสระหรืออ่างขนาดใหญ่,Aquatic plant with fragrant large blossoms and edible parts; thrives in ponds.,ปลูกในบ่อ/อ่างลึก ดินเหนียวผสมน้ำ รดน้ำคงระดับ แดดจัด,high,direct,high,20.0,36.0,moderate,150.0,200.0,FALSE,FALSE,TRUE
112,Nymphaea nouchali,บัวเผื่อน,Blue Water Lily,water,moderate,Sri Lanka,บัวผิวน้ำใบกลม ดอกสีฟ้า-ม่วง บานตอนกลางวัน เหมาะสระตื้น,Day-blooming blue water lily for shallow ponds and water features.,แดดจัด น้ำลึก 30–60 ซม. ใช้ดินเหนียวก้นภาชนะ เติมน้ำคงระดับ,high,direct,high,20.0,36.0,moderate,40.0,120.0,FALSE,FALSE,TRUE
113,Cyperus papyrus,กกกระดาษ,Papyrus,water,easy,Egypt,กกน้ำทรงพุ่มก้านตั้ง ปลายพุ่มแตกเป็นร่ม เหมาะริมบ่อ,Tall umbrella-like sedge; architectural accent for pond margins.,ปลูกริมบ่อหรือกระถางแช่น้ำ ดินชื้นแฉะ แดดจัดถึงครึ่งวัน,high,direct,high,18.0,36.0,fast,200.0,120.0,FALSE,FALSE,TRUE
114,Typha latifolia,ธูปฤาษี,Broadleaf Cattail,water,easy,Canada,พืชริมน้ำใบเรียวยาว ช่อดอกทรงแท่งสีน้ำตาล ใช้เป็นฉากหลังริมน้ำ,Iconic brown cattail spikes with tall strap-like leaves; ideal for naturalized pond edges.,ปลูกริมบ่อ น้ำลึก 10–30 ซม. ดินชื้นตลอดเวลา แดดจัด,high,direct,high,10.0,32.0,fast,250.0,150.0,FALSE,FALSE,FALSE
115,Phalaenopsis aphrodite,ฟาแลนอปซิส อะโฟรไดที,Moth Orchid,orchid,moderate,Philippines,กล้วยไม้ดอกทน รูปทรงผีเสื้อ เหมาะปลูกในบ้านที่มีแสงสว่างรำไร,Long-lasting flowers on arching spikes; excellent for bright indoor settings.,แสงรำไร ระบายอากาศดี ปลูกในกาบมะพร้าว/สแฟ็กนัม รดน้ำเมื่อกาบเริ่มแห้ง,moderate,indirect,high,18.0,30.0,slow,60.0,50.0,FALSE,FALSE,TRUE
116,Dendrobium nobile,เดนโดรเบียม โนบิเล่,Noble Dendrobium,orchid,moderate,India,กล้วยไม้อิงอาศัยที่ให้ดอกตามข้อปล้อง สีสันสดใส ต้องการช่วงอากาศเย็นเพื่อกระตุ้นดอก,"Epiphytic orchid bearing showy flowers along canes; benefits from a cool, dry rest.",แสงสว่างรำไร อากาศถ่ายเท ลดน้ำช่วงพักตัว และเพิ่มแสงเพื่อช่อดอก,moderate,indirect,moderate,12.0,28.0,moderate,80.0,50.0,FALSE,FALSE,TRUE
117,Cattleya labiata,แคทลียา ลาเบียตา,Cattleya,orchid,difficult,Brazil,ราชินีกล้วยไม้ ดอกใหญ่หอม ต้องการแสงมากและการระบายอากาศดี,"Large, fragrant blooms; requires bright light and excellent air movement.",แสงสว่างมากแต่ไม่แดดตรงกลางวัน วัสดุโปร่ง รดน้ำเมื่อวัสดุแห้งเร็ว,moderate,indirect,moderate,16.0,30.0,moderate,80.0,60.0,FALSE,TRUE,TRUE
118,Vanda coerulea,แวนด้า สีฟ้า,Blue Vanda,orchid,difficult,India,แวนด้าสีฟ้าหายาก ดอกลายตาข่ายชัดเจน ชอบแสงมากและความชื้นสูง,Rare blue vanda with netted petals; needs high humidity and strong light.,แขวนรากเปลือยหรือกระเช้า โปรยน้ำวันเว้นวัน แสงมาก ลมผ่านดี,moderate,indirect,high,18.0,32.0,slow,120.0,60.0,FALSE,TRUE,TRUE